Collection Handle,Product Handle,Position
automatic-watches,prince-oak,1
automatic-watches,spine,2
automatic-watches,skeleton,3
automatic-watches,lucky-fours®-imperial,4
automatic-watches,lucky-fours®-ghosts-of-the-sea-limited-edition,5
automatic-watches,demon,6
automatic-watches,n948,7
bogo-watches,atlas,1
bogo-watches,aura,2
bogo-watches,aurelios,3
bogo-watches,auron,4
bogo-watches,baretta,5
bogo-watches,brone,6
bogo-watches,calista,7
bogo-watches,caspian,8
bogo-watches,chronograph,9
bogo-watches,chronometer,10
bogo-watches,corsair,11
bogo-watches,demon,12
bogo-watches,draco,13
bogo-watches,eclipse,14
bogo-watches,etienne,15
bogo-watches,falcon,16
bogo-watches,forge,17
bogo-watches,fortuno,18
bogo-watches,francesca,19
bogo-watches,lucky-fours®-ghosts-of-the-sea-limited-edition,20
bogo-watches,gracie,21
bogo-watches,horizon,22
bogo-watches,humir,23
bogo-watches,lucky-fours®-imperial,24
bogo-watches,jaxon,25
bogo-watches,kera,26
bogo-watches,laurent,27
bogo-watches,leto,28
bogo-watches,lora,29
bogo-watches,loressa,30
bogo-watches,lyra,31
bogo-watches,maritime,32
bogo-watches,maso,33
bogo-watches,meridian,34
bogo-watches,mila,35
bogo-watches,milo,36
bogo-watches,n948,37
bogo-watches,nassau,38
bogo-watches,noble-pine,39
bogo-watches,nyx,40
bogo-watches,oceanus,41
bogo-watches,phantom,42
bogo-watches,phila,43
bogo-watches,portfolio,44
bogo-watches,prague,45
bogo-watches,prince-oak,46
bogo-watches,regal-cedar,47
bogo-watches,regent,48
bogo-watches,ronin,49
bogo-watches,runa,50
bogo-watches,santos,51
bogo-watches,shoreline,52
bogo-watches,skeleton,53
bogo-watches,spine,54
bogo-watches,stardust,55
bogo-watches,summit,56
bogo-watches,surmen,57
bogo-watches,thea,58
bogo-watches,tourbillon,59
bogo-watches,tyla,60
bogo-watches,valois,61
bogo-watches,vanguard,62
bogo-watches,venoria,63
bogo-watches,lucky-fours®-viceroy,64
bogo-watches,voyager,65
bogo-watches,wraith,66
bogo-watches,zenith,67
watches,caspian,1
watches,santos,2
watches,brone,3
watches,oceanus,4
watches,chronometer,5
watches,ronin,6
watches,wraith,7
watches,fortuno,8
watches,atlas,9
watches,tourbillon,10
watches,jaxon,11
watches,prague,12
watches,nassau,13
watches,prince-oak,14
watches,spine,15
watches,voyager,16
watches,aurelios,17
watches,aura,18
watches,summit,19
watches,valois,20
watches,calista,21
watches,lyra,22
watches,skeleton,23
watches,draco,24
watches,venoria,25
watches,portfolio,26
watches,noble-pine,27
watches,meridian,28
watches,eclipse,29
watches,stardust,30
watches,shoreline,31
watches,forge,32
watches,corsair,33
watches,etienne,34
watches,falcon,35
watches,thea,36
watches,lucky-fours®-viceroy,37
watches,regent,38
watches,zenith,39
watches,vanguard,40
watches,surmen,41
watches,chronograph,42
watches,auron,43
watches,maso,44
watches,laurent,45
watches,leto,46
watches,regal-cedar,47
watches,francesca,48
watches,phantom,49
watches,lora,50
watches,baretta,51
watches,maritime,52
watches,runa,53
watches,tyla,54
watches,kera,55
watches,gracie,56
watches,nyx,57
watches,mila,58
watches,horizon,59
watches,phila,60
watches,milo,61
watches,loressa,62
watches,humir,63
watches,lucky-fours®-imperial,64
watches,lucky-fours®-ghosts-of-the-sea-limited-edition,65
watches,demon,66
watches,n948,67
grealy-collection,calista,1
grealy-collection,lyra,2
grealy-collection,venoria,3
grealy-collection,thea,4
grealy-collection,surmen,5
grealy-collection,maso,6
grealy-collection,leto,7
grealy-collection,francesca,8
grealy-collection,lora,9
grealy-collection,runa,10
grealy-collection,tyla,11
grealy-collection,kera,12
grealy-collection,gracie,13
grealy-collection,nyx,14
grealy-collection,mila,15
grealy-collection,phila,16
grealy-collection,milo,17
grealy-collection,loressa,18
grealy-collection,humir,19
mens-watches,caspian,1
mens-watches,santos,2
mens-watches,brone,3
mens-watches,oceanus,4
mens-watches,chronometer,5
mens-watches,ronin,6
mens-watches,wraith,7
mens-watches,fortuno,8
mens-watches,atlas,9
mens-watches,tourbillon,10
mens-watches,jaxon,11
mens-watches,prague,12
mens-watches,nassau,13
mens-watches,prince-oak,14
mens-watches,spine,15
mens-watches,voyager,16
mens-watches,aurelios,17
mens-watches,aura,18
mens-watches,summit,19
mens-watches,valois,20
mens-watches,skeleton,21
mens-watches,draco,22
mens-watches,portfolio,23
mens-watches,noble-pine,24
mens-watches,meridian,25
mens-watches,eclipse,26
mens-watches,stardust,27
mens-watches,shoreline,28
mens-watches,forge,29
mens-watches,corsair,30
mens-watches,etienne,31
mens-watches,falcon,32
mens-watches,lucky-fours®-viceroy,33
mens-watches,regent,34
mens-watches,zenith,35
mens-watches,vanguard,36
mens-watches,chronograph,37
mens-watches,auron,38
mens-watches,laurent,39
mens-watches,regal-cedar,40
mens-watches,phantom,41
mens-watches,baretta,42
mens-watches,maritime,43
mens-watches,horizon,44
mens-watches,lucky-fours®-imperial,45
mens-watches,lucky-fours®-ghosts-of-the-sea-limited-edition,46
mens-watches,demon,47
mens-watches,n948,48
poedagar-collection,caspian,1
poedagar-collection,brone,2
poedagar-collection,oceanus,3
poedagar-collection,chronometer,4
poedagar-collection,ronin,5
poedagar-collection,wraith,6
poedagar-collection,fortuno,7
poedagar-collection,atlas,8
poedagar-collection,tourbillon,9
poedagar-collection,prague,10
poedagar-collection,nassau,11
poedagar-collection,voyager,12
poedagar-collection,aurelios,13
poedagar-collection,valois,14
poedagar-collection,noble-pine,15
poedagar-collection,meridian,16
poedagar-collection,eclipse,17
poedagar-collection,shoreline,18
poedagar-collection,forge,19
poedagar-collection,corsair,20
poedagar-collection,falcon,21
poedagar-collection,lucky-fours®-viceroy,22
poedagar-collection,regent,23
poedagar-collection,zenith,24
poedagar-collection,vanguard,25
poedagar-collection,regal-cedar,26
poedagar-collection,maritime,27
poedagar-collection,horizon,28
poedagar-cart,oceanus,1
poedagar-cart,fortuno,2
products,caspian,1
products,santos,2
products,brone,3
products,oceanus,4
products,chronometer,5
products,ronin,6
products,wraith,7
products,fortuno,8
products,atlas,9
products,tourbillon,10
products,jaxon,11
products,prague,12
products,nassau,13
products,prince-oak,14
products,spine,15
products,voyager,16
products,aurelios,17
products,aura,18
products,summit,19
products,valois,20
products,calista,21
products,lyra,22
products,skeleton,23
products,draco,24
products,venoria,25
products,portfolio,26
products,noble-pine,27
products,meridian,28
products,eclipse,29
products,stardust,30
products,shoreline,31
products,forge,32
products,corsair,33
products,etienne,34
products,falcon,35
products,thea,36
products,lucky-fours®-viceroy,37
products,regent,38
products,zenith,39
products,vanguard,40
products,surmen,41
products,chronograph,42
products,auron,43
products,maso,44
products,laurent,45
products,leto,46
products,regal-cedar,47
products,francesca,48
products,phantom,49
products,lora,50
products,baretta,51
products,maritime,52
products,runa,53
products,tyla,54
products,kera,55
products,gracie,56
products,nyx,57
products,mila,58
products,horizon,59
products,phila,60
products,milo,61
products,loressa,62
products,humir,63
products,lucky-fours®-imperial,64
products,lucky-fours®-ghosts-of-the-sea-limited-edition,65
products,demon,66
products,n948,67
quartz-watches,caspian,1
quartz-watches,santos,2
quartz-watches,brone,3
quartz-watches,oceanus,4
quartz-watches,chronometer,5
quartz-watches,ronin,6
quartz-watches,wraith,7
quartz-watches,fortuno,8
quartz-watches,atlas,9
quartz-watches,tourbillon,10
quartz-watches,jaxon,11
quartz-watches,prague,12
quartz-watches,nassau,13
quartz-watches,voyager,14
quartz-watches,aurelios,15
quartz-watches,aura,16
quartz-watches,summit,17
quartz-watches,valois,18
quartz-watches,calista,19
quartz-watches,lyra,20
quartz-watches,draco,21
quartz-watches,venoria,22
quartz-watches,portfolio,23
quartz-watches,noble-pine,24
quartz-watches,meridian,25
quartz-watches,eclipse,26
quartz-watches,stardust,27
quartz-watches,shoreline,28
quartz-watches,forge,29
quartz-watches,corsair,30
quartz-watches,etienne,31
quartz-watches,falcon,32
quartz-watches,thea,33
quartz-watches,lucky-fours®-viceroy,34
quartz-watches,regent,35
quartz-watches,zenith,36
quartz-watches,vanguard,37
quartz-watches,surmen,38
quartz-watches,chronograph,39
quartz-watches,auron,40
quartz-watches,maso,41
quartz-watches,laurent,42
quartz-watches,leto,43
quartz-watches,regal-cedar,44
quartz-watches,francesca,45
quartz-watches,phantom,46
quartz-watches,lora,47
quartz-watches,baretta,48
quartz-watches,maritime,49
quartz-watches,runa,50
quartz-watches,tyla,51
quartz-watches,kera,52
quartz-watches,gracie,53
quartz-watches,nyx,54
quartz-watches,mila,55
quartz-watches,horizon,56
quartz-watches,phila,57
quartz-watches,milo,58
quartz-watches,loressa,59
quartz-watches,humir,60
sport-watches,prince-oak,1
sport-watches,summit,2
sport-watches,draco,3
sport-watches,chronograph,4
watch-accessories,premium-lucky-fours®-box,1
watch-accessories,watch-adjustment-tool,2
watch-accessories,premium-leather-case,3
watch-accessories,cardholder,4
womens-watches,calista,1
womens-watches,lyra,2
womens-watches,venoria,3
womens-watches,thea,4
womens-watches,surmen,5
womens-watches,maso,6
womens-watches,leto,7
womens-watches,francesca,8
womens-watches,lora,9
womens-watches,runa,10
womens-watches,tyla,11
womens-watches,kera,12
womens-watches,gracie,13
womens-watches,nyx,14
womens-watches,mila,15
womens-watches,phila,16
womens-watches,milo,17
womens-watches,loressa,18
womens-watches,humir,19
